﻿State,Tags,MinimumWage,Effective Date,Comment
AK,,10.85,01/01/2023,"Premium Pay After Designated Hours https://www.dol.gov/agencies/whd/minimum-wage/state#footnote: 
Daily - 8, Weekly - 40"
AL,,7.25,01/01/2023,Federal - No State Minimum
AR,,11,01/01/2023,
AZ,,13.85,01/01/2023,
CA,,15.5,01/01/2023,"Premium Pay After Designated Hours https://www.dol.gov/agencies/whd/minimum-wage/state#footnote: 
Daily - 8 Over 12 (double time), Weekly - 40; on 7th day: First 8 hours (time and half) Over 8 hours on 7th day (double time)"
CO,,13.65,01/01/2023,"Premium Pay After Designated Hours https://www.dol.gov/agencies/whd/minimum-wage/state#footnote: 
Daily - 12, Weekly - 40"
CT,,15,06/01/2023,
CT,,14,01/01/2023,
DE,,11.75,01/01/2023,
FL,,12,09/30/2023,
FL,,11,01/01/2023,
GA,,7.25,01/01/2023,Federal - No State Minimum
HI,,12,01/01/2023,"An employee earning a guaranteed monthly compensation of $2,000 or more is exempt from the State minimum wage and overtime law."
ID,,7.25,01/01/2023,
IL,,13,01/01/2023,"Applicable to employers of 4 or more employees, excluding family members"
IN,,7.25,01/01/2023,
NY,,14.2,01/01/2023,"$15.00 for NYC, Long Island & Westchester County"
,,,,
,,,,