﻿Name,Type,Status,Score,Author,Completed,Link
"Who Will Teach Silicon Valley to Be Ethical? ",Article,Not started,TBD,Kara Swisher,,https://www.nytimes.com/2018/10/21/opinion/who-will-teach-silicon-valley-to-be-ethical.html
Netflix: explained,TV Series,In progress,TBD,Ezra Klein & Joe Posner,,https://www.netflix.com/ca/title/80216752
Brave New World,Book,Done,⭐️⭐️⭐️⭐️⭐️,Aldous Huxley,"November 1, 2022",https://www.penguin.co.uk/books/431950/brave-new-world-by-aldous-huxley/9781784870140
Crime and Punishment,Book,Done,⭐️⭐️⭐️⭐️⭐️,Fyodor Dostoevsky,"November 28, 2022",https://www.goodreads.com/book/show/7144.Crime_and_Punishment
Sapiens: A Brief History of Humankind,Book,Done,⭐️⭐️⭐️⭐️,Yuval Noah Harari,"November 1, 2022",https://www.ynharari.com/book/sapiens-2/