﻿Question/Issue,Tags,Created By,Date Created,Last Edited By,Last Updated
How to add a new employee?,,Norman Moore,"January 29, 2023 7:29 AM",Norman Moore,"January 30, 2023 7:21 AM"
How to add a pay raise?,Editing,Norman Moore,"January 29, 2023 7:27 AM",Norman Moore,"January 30, 2023 7:05 AM"
How to calculate weighted overtime?,,Norman Moore,"January 29, 2023 7:28 AM",Norman Moore,"January 30, 2023 7:43 AM"
What to do when a client sends you a child support order?,,Jenny Reed,"January 30, 2023 10:09 AM",Norman Moore,"January 30, 2023 11:17 AM"
Why were no Federal taxes withheld from my paycheck?,,Norman Moore,"February 3, 2023 6:18 AM",Norman Moore,"February 3, 2023 7:47 AM"